﻿<?xml version="1.0" encoding="utf-8" ?>
<objects xmlns="http://www.springframework.net">
	<object id="FraudDataController" singleton="false"  type="Citibank.RFLFE.PL.Mvc.Controllers.parameter.FraudDataController,Citibank.RFLFE.PL.Mvc.Controllers">
		<property name="FraudDataHandler" ref="fraudDataHandler"/>
	</object>
	<object id="fraudDataHandler" singleton="false"  type="Citibank.RFLFE.PL.Bll.parameter.FraudDataHandler,Citibank.RFLFE.PL.Bll">
		<property name="FraudDataDao" ref="fraudDataDao"/>
		<property name="FraudDataMakerDao" ref="fraudDataMakerDao"/>
	</object>

	<object id="BranchDataController" singleton="false"  type="Citibank.RFLFE.PL.Mvc.Controllers.parameter.BranchDataController,Citibank.RFLFE.PL.Mvc.Controllers">
		<property name="BranchDataHandler" ref="branchDataHandler"/>
	</object>
	<object id="branchDataHandler" singleton="false"  type="Citibank.RFLFE.PL.Bll.parameter.BranchDataHandler,Citibank.RFLFE.PL.Bll">
		<property name="BranchMakerDao" ref="branchMakerDao"/>
	</object>

	<object id="RPRulesController" singleton="false"  type="Citibank.RFLFE.PL.Mvc.Controllers.parameter.RPRulesController,Citibank.RFLFE.PL.Mvc.Controllers">
		<property name="RPRulesHandler" ref="rPRulesHandler"/>
	</object>
	<object id="rPRulesHandler" singleton="false"  type="Citibank.RFLFE.PL.Bll.parameter.RPRulesHandler,Citibank.RFLFE.PL.Bll">
		<property name="RPRulesMakerDao" ref="rPRulesMakerDao"/>
		<property name="RuleResultDao" ref="ruleResultDao"/>
	</object>

	<object id="RelatedPersonController" singleton="false"  type="Citibank.RFLFE.PL.Mvc.Controllers.parameter.RelatedPersonController,Citibank.RFLFE.PL.Mvc.Controllers">
		<property name="RelatedPersonHandler" ref="relatedPersonHandler"/>
	</object>
	<object id="relatedPersonHandler" singleton="false"  type="Citibank.RFLFE.PL.Bll.parameter.RelatedPersonHandler,Citibank.RFLFE.PL.Bll">
		<property name="RelatedPersonDao" ref="relatedPersonDao"/>
		<property name="RelatedPersonMakerDao" ref="relatedPersonMakerDao"/>
	</object>
	<object id="HomeController" singleton="false"  type="Citibank.RFLFE.PL.Mvc.Controllers.HomeController,Citibank.RFLFE.PL.Mvc.Controllers">
		<property name="LoginHandler" ref="loginHandler"/>
    <property name="SysParametersHandler" ref="sysParametersHandler"/>
	</object>
	<object id="loginHandler" singleton="false"  type="Citibank.RFLFE.PL.Bll.LoginHandler,Citibank.RFLFE.PL.Bll">
		<property name="LoginDao" ref="loginDao"/>
	</object>
	<object id="FileTemplateController" singleton="false"  type="Citibank.RFLFE.PL.Mvc.Controllers.parameter.FileTemplateController,Citibank.RFLFE.PL.Mvc.Controllers">
		<property name="FileTemplateHandler" ref="fileTemplateHandler"/>
	</object>
	<object id="fileTemplateHandler" singleton="false"  type="Citibank.RFLFE.PL.Bll.parameter.FileTemplateHandler,Citibank.RFLFE.PL.Bll">
		<property name="FileTemplateDao" ref="fileTemplateDao"/>
	</object>
	<object id="SysParametersController" singleton="false"  type="Citibank.RFLFE.PL.Mvc.Controllers.common.SysParametersController,Citibank.RFLFE.PL.Mvc.Controllers">
		<property name="SysParametersHandler" ref="sysParametersHandler"/>
	</object>
	<object id="sysParametersHandler" singleton="false"  type="Citibank.RFLFE.PL.Bll.common.SysParametersHandler,Citibank.RFLFE.PL.Bll">
		<property name="SysParametersDao" ref="sysParametersDao"/>
	</object>

	<object id="PLWorkFlowController" singleton="false"  type="Citibank.RFLFE.PL.Mvc.Controllers.workflow.PLWorkFlowController,Citibank.RFLFE.PL.Mvc.Controllers">
		<property name="WorkFlowHandler" ref="workFlowHandler"/>
	</object>
	<object id="workFlowHandler" singleton="false"  type="Citibank.RFLFE.PL.Bll.workflow.WorkFlowHandler,Citibank.RFLFE.PL.Bll">
		<property name="WorkFlowDao" ref="workFlowDao"/>
	</object>

	<object id="ProductParameterController" singleton="false"  type="Citibank.RFLFE.PL.Mvc.Controllers.parameter.ProductParameterController,Citibank.RFLFE.PL.Mvc.Controllers">
		<property name="ProductParameterHandler" ref="productParameterHandler"/>
	</object>
	<object id="productParameterHandler" singleton="false"  type="Citibank.RFLFE.PL.Bll.parameter.ProductParameterHandler,Citibank.RFLFE.PL.Bll">
		<property name="ProductParameterDao" ref="productParameterDao"/>
	</object>

	<object id="PLDocListController" singleton="false"  type="Citibank.RFLFE.PL.Mvc.Controllers.application.PLDocListController,Citibank.RFLFE.PL.Mvc.Controllers">
		<property name="DocListHandler" ref="docListHandler"/>
    <property name="CustomerHandler" ref="customerHandler"/>
	</object>
	<object id="docListHandler" singleton="false"  type="Citibank.RFLFE.PL.Bll.application.DocListHandler,Citibank.RFLFE.PL.Bll">
		<property name="SysParametersDao" ref="sysParametersDao"/>
		<property name="DocListDao" ref="DocListDao"/>
		<property name="CustomerDao" ref="CustomerDao"/>
		<property name="ApplicationDao" ref="ApplicationDao"/>
	</object>

	<object id="PLApplicationController" singleton="false"  type="Citibank.RFLFE.PL.Mvc.Controllers.application.PLApplicationController,Citibank.RFLFE.PL.Mvc.Controllers">
		<property name="ApplicationHandler" ref="applicationHandler"/>
		<property name="CustomerHandler" ref="customerHandler"/>
		<property name="LoanHandler" ref="loanHandler"/>
		<property name="WorkFlowHandler" ref="workFlowHandler"/>
    <property name="NewProposalHandler" ref="newProposalHandler"/>
    
  </object>
	<object id="applicationHandler" singleton="false"  type="Citibank.RFLFE.PL.Bll.application.ApplicationHandler,Citibank.RFLFE.PL.Bll">
		<property name="ApplicationDao" ref="applicationDao"/>
	</object>

	<object id="PLCustomerController" singleton="false"  type="Citibank.RFLFE.PL.Mvc.Controllers.application.PLCustomerController,Citibank.RFLFE.PL.Mvc.Controllers">
		<property name="CustomerHandler" ref="customerHandler"/>
	</object>
	<object id="customerHandler" singleton="false"  type="Citibank.RFLFE.PL.Bll.application.CustomerHandler,Citibank.RFLFE.PL.Bll">
		<property name="CustomerDao" ref="customerDao"/>
	</object>

	<object id="PLLoanController" singleton="false"  type="Citibank.RFLFE.PL.Mvc.Controllers.application.PLLoanController,Citibank.RFLFE.PL.Mvc.Controllers">
		<property name="LoanHandler" ref="loanHandler"/>
	</object>
	<object id="loanHandler" singleton="false"  type="Citibank.RFLFE.PL.Bll.application.LoanHandler,Citibank.RFLFE.PL.Bll">
		<property name="LoanDao" ref="loanDao"/>
	</object>

	<object id="BureauCheckController" singleton="false"  type="Citibank.RFLFE.PL.Mvc.Controllers.application.BureauCheckController,Citibank.RFLFE.PL.Mvc.Controllers">
		<property name="BureauCheckHandler" ref="bureauCheckHandler"/>
		<!--<property name="WorkFlowHandler" ref="workFlowHandler"/>-->
	</object>
	<object id="bureauCheckHandler" singleton="false"  type="Citibank.RFLFE.PL.Bll.application.BureauCheckHandler,Citibank.RFLFE.PL.Bll">
		<property name="BureauCheckDao" ref="bureauCheckDao"/>
		<property name="ReportGenOrImportDao" ref="ReportGenOrImportDao"/>
	</object>

	<object id="AppCheckerController" singleton="false"  type="Citibank.RFLFE.PL.Mvc.Controllers.application.AppCheckerController,Citibank.RFLFE.PL.Mvc.Controllers">
		<property name="AppCheckerHandler" ref="appCheckerHandler"/>
	</object>
	<object id="appCheckerHandler" singleton="false"  type="Citibank.RFLFE.PL.Bll.application.AppCheckerHandler,Citibank.RFLFE.PL.Bll">
		<property name="AppCheckerDao" ref="appCheckerDao"/>
	</object>

	<object id="NewProposalController" singleton="false"  type="Citibank.RFLFE.PL.Mvc.Controllers.application.NewProposalController,Citibank.RFLFE.PL.Mvc.Controllers">
		<property name="NewProposalHandler" ref="newProposalHandler"/>
		<property name="CustomerHandler" ref="customerHandler"/>
	</object>
	<object id="newProposalHandler" singleton="false"  type="Citibank.RFLFE.PL.Bll.application.NewProposalHandler,Citibank.RFLFE.PL.Bll">
		<property name="NewProposalDao" ref="newProposalDao"/>
    <property name="CustomerDao" ref="customerDao"/>
    
  </object>

	<object id="AppReviewController" singleton="false"  type="Citibank.RFLFE.PL.Mvc.Controllers.application.AppReviewController,Citibank.RFLFE.PL.Mvc.Controllers">
		<property name="WorkFlowHandler" ref="workFlowHandler"/>
		<property name="DocListHandler" ref="docListHandler"/>
		<property name="ApplicationHandler" ref="applicationHandler"/>
		<property name="RPRulesHandler" ref="rPRulesHandler"/>
    <property name="NewProposalHandler" ref="newProposalHandler"/>
	</object>

	<object id="TopuploadController" singleton="false"  type="Citibank.RFLFE.PL.Mvc.Controllers.application.TopuploadController,Citibank.RFLFE.PL.Mvc.Controllers">
		<property name="TopuploadHandler" ref="topuploadHandler"/>
	</object>
	<object id="topuploadHandler" singleton="false"  type="Citibank.RFLFE.PL.Bll.application.TopuploadHandler,Citibank.RFLFE.PL.Bll">
		<property name="TopuploadDao" ref="topuploadDao"/>
	</object>

	<object id="CommonController" singleton="false"  type="Citibank.RFLFE.PL.Mvc.Controllers.common.CommonController,Citibank.RFLFE.PL.Mvc.Controllers">
		<property name="CustomerHandler" ref="customerHandler"/>
    <property name="LoanHandler" ref="loanHandler"/>
    <property name="WorkFlowHandler" ref="workFlowHandler"/>
    <property name="DocListHandler" ref="docListHandler"/>
    <property name="ApplicationHandler" ref="applicationHandler"/>
	</object>

	<object id="AmendAppController" singleton="false"  type="Citibank.RFLFE.PL.Mvc.Controllers.application.AmendAppController,Citibank.RFLFE.PL.Mvc.Controllers">
		<property name="CustomerHandler" ref="customerHandler"/>
    <property name="WorkFlowHandler" ref="workFlowHandler"/>
    <property name="DocListHandler" ref="docListHandler"/>
    <property name="LoanHandler" ref="loanHandler"/>
    <property name="AmendAppHandler" ref="amendAppHandler"/>
  </object>

  <object id="amendAppHandler" singleton="false"  type="Citibank.RFLFE.PL.Bll.application.AmendAppHandler,Citibank.RFLFE.PL.Bll">
    <property name="AmendAppDao" ref="amendAppDao"/>
  </object>

	<object id="ExceptionApproveController" singleton="false"  type="Citibank.RFLFE.PL.Mvc.Controllers.application.ExceptionApproveController,Citibank.RFLFE.PL.Mvc.Controllers">
		<property name="SysParametersHandler" ref="sysParametersHandler"/>
		<property name="RPRulesHandler" ref="rPRulesHandler"/>
		<property name="WorkFlowHandler" ref="workFlowHandler"/>
		<property name="ApplicationHandler" ref="applicationHandler"/>
		<property name="LoanHandler" ref="loanHandler"/>
    <property name="ExceptionApproveHandler" ref="exceptionApproveHandler"/>
  </object>
  
  <object id="ExceptionApproveHandler" singleton="false"  type="Citibank.RFLFE.PL.Bll.application.ExceptionApproveHandler,Citibank.RFLFE.PL.Bll">
    <property name="ExceptionApproveDao" ref="ExceptionApproveDao"/>
  </object>

	<object id="ReportGenerateHandler" singleton="false"  type="Citibank.RFLFE.PL.Bll.ReportGenerateHandler,Citibank.RFLFE.PL.Bll">
		<property name="ReportGenOrImportDao" ref="ReportGenOrImportDao"/>
	</object>

	<object id="ReportImportHandler" singleton="false"  type="Citibank.RFLFE.PL.Bll.ReportImportHandler,Citibank.RFLFE.PL.Bll">
		<property name="ReportGenOrImportDao" ref="ReportGenOrImportDao"/>
	</object>

	<object id="FileFactory" singleton="false"  type="Citibank.RFLFE.PL.Bll.FileFactory,Citibank.RFLFE.PL.Bll">
		<property name="GenerateHandler" ref="ReportGenerateHandler"/>
		<property name="ImportHandler" ref="ReportImportHandler"/>
	</object>
	<object id="TopupVerificationController" singleton="false"  type="Citibank.RFLFE.PL.Mvc.Controllers.approval.TopupVerificationController,Citibank.RFLFE.PL.Mvc.Controllers">
		<property name="TopupVerificationHandler" ref="topupVerificationHandler"/>
	</object>
	<object id="topupVerificationHandler" singleton="false"  type="Citibank.RFLFE.PL.Bll.approval.TopupVerificationHandler,Citibank.RFLFE.PL.Bll">
		<property name="TopupVerificationDao" ref="topupVerificationDao"/>
	</object>

	<object id="PLQueryController" singleton="false"  type="Citibank.RFLFE.PL.Mvc.Controllers.query.PLQueryController,Citibank.RFLFE.PL.Mvc.Controllers">
		<property name="QueryHandler" ref="queryHandler"/>
	</object>
	<object id="queryHandler" singleton="false"  type="Citibank.RFLFE.PL.Bll.query.QueryHandler,Citibank.RFLFE.PL.Bll">
		<property name="QueryDao" ref="QueryDao"/>
	</object>

	<object id="PrintController" singleton="false"  type="Citibank.RFLFE.PL.Mvc.Controllers.print.PrintController,Citibank.RFLFE.PL.Mvc.Controllers">
		<property name="PrintHandler" ref="printHandler"/>
	</object>
	<object id="printHandler" singleton="false"  type="Citibank.RFLFE.PL.Bll.print.PrintHandler,Citibank.RFLFE.PL.Bll">
		<property name="GenerateHandler" ref="ReportGenerateHandler"/>
		<property name="PrintDao" ref="PrintDao"/>
	</object>

	<object id="VerDocProcessingController" singleton="false"  type="Citibank.RFLFE.PL.Mvc.Controllers.disbursement.VerDocProcessingController,Citibank.RFLFE.PL.Mvc.Controllers">
		<property name="VerDocProcessingHandler" ref="VerDocProcessingHandler"/>
	</object>
	<object id="VerDocProcessingHandler" singleton="false"  type="Citibank.RFLFE.PL.Bll.disbursement.VerDocProcessingHandler,Citibank.RFLFE.PL.Bll">
		<property name="VerDocProcessingDao" ref="VerDocProcessingDao"/>
	</object>
	<object id="PreCheckController" singleton="false"  type="Citibank.RFLFE.PL.Mvc.Controllers.approval.PreCheckController,Citibank.RFLFE.PL.Mvc.Controllers">
		<property name="PreCheckHandler" ref="preCheckHandler"/>
		<property name="TopupVerificationHandler" ref="topupVerificationHandler"/>
		<property name="CustomerHandler" ref="customerHandler"/>
    <property name="LoanHandler" ref="loanHandler"/>
    <property name="NewProposalHandler" ref="newProposalHandler"/>
  </object>
	<object id="preCheckHandler" singleton="false"  type="Citibank.RFLFE.PL.Bll.approval.PreCheckHandler,Citibank.RFLFE.PL.Bll">
		<property name="PreCheckDao" ref="preCheckDao"/>
	</object>

	<object id="SysRolesController" singleton="false" type="Citibank.RFLFE.PL.Mvc.Controllers.userLevel.SysRolesController,Citibank.RFLFE.PL.Mvc.Controllers">
		<property name="SysRolesHandler" ref="sysRolesHandler"/>
	</object>
	<object id="sysRolesHandler" singleton="false" type="Citibank.RFLFE.PL.Bll.userLevel.sysRolesHandler,Citibank.RFLFE.PL.Bll">
		<property name="SysRolesDao" ref="sysRolesDao"/>
	</object>

	<object id="CreditRatingController" singleton="false" type="Citibank.RFLFE.PL.Mvc.Controllers.userLevel.CreditRatingController,Citibank.RFLFE.PL.Mvc.Controllers">
		<property name="CreditRatingHandler" ref="creditRatingHandler"/>
	</object>
	<object id="creditRatingHandler" singleton="false" type="Citibank.RFLFE.PL.Bll.userLevel.CreditRatingHandler,Citibank.RFLFE.PL.Bll">
		<property name="CreditRatingDao" ref="creditRatingDao"/>
	</object>

	<object id="AppProgressHistoryController" singleton="false" type="Citibank.RFLFE.PL.Mvc.Controllers.query.AppProgressHistoryController,Citibank.RFLFE.PL.Mvc.Controllers">
		<property name="AppProgressHistoryHandler" ref="appProgressHistoryHandler"/>
	</object>
	<object id="appProgressHistoryHandler" singleton="false" type="Citibank.RFLFE.PL.Bll.query.AppProgressHistoryHandler,Citibank.RFLFE.PL.Bll">
		<property name="AppProgressHistoryDao" ref="appProgressHistoryDao"/>
	</object>

	<object id="NgtvDataController" singleton="false"  type="Citibank.RFLFE.PL.Mvc.Controllers.parameter.NgtvDataController,Citibank.RFLFE.PL.Mvc.Controllers">
		<property name="NgtvDataHandler" ref="ngtvDataHandler"/>
	</object>
	<object id="ngtvDataHandler" singleton="false"  type="Citibank.RFLFE.PL.Bll.parameter.NgtvDataHandler,Citibank.RFLFE.PL.Bll">
		<property name="NgtvDataDao" ref="ngtvDataDao"/>
	</object>

	<object id="NgtvDataCheckerController" singleton="false"  type="Citibank.RFLFE.PL.Mvc.Controllers.parameter.NgtvDataCheckerController,Citibank.RFLFE.PL.Mvc.Controllers">
		<property name="NgtvDataCheckerHandler" ref="ngtvDataCheckerHandler"/>
	</object>
	<object id="ngtvDataCheckerHandler" singleton="false"  type="Citibank.RFLFE.PL.Bll.parameter.NgtvDataCheckerHandler,Citibank.RFLFE.PL.Bll">
		<property name="NgtvDataCheckerDao" ref="ngtvDataCheckerDao"/>
	</object>

	<object id="BranchCreationController" singleton="false"  type="Citibank.RFLFE.PL.Mvc.Controllers.parameter.BranchCreationController,Citibank.RFLFE.PL.Mvc.Controllers">
		<property name="BranchCreationHandler" ref="branchCreationHandler"/>
	</object>
	<object id="branchCreationHandler" singleton="false"  type="Citibank.RFLFE.PL.Bll.parameter.BranchCreationHandler,Citibank.RFLFE.PL.Bll">
		<property name="BranchCreationDao" ref="branchCreationDao"/>
	</object>

	<object id="BranchCreationCheckerController" singleton="false"  type="Citibank.RFLFE.PL.Mvc.Controllers.parameter.BranchCreationCheckerController,Citibank.RFLFE.PL.Mvc.Controllers">
		<property name="BranchCreationCheckerHandler" ref="branchCreationCheckerHandler"/>
	</object>
	<object id="branchCreationCheckerHandler" singleton="false"  type="Citibank.RFLFE.PL.Bll.parameter.BranchCreationCheckerHandler,Citibank.RFLFE.PL.Bll">
		<property name="BranchCreationCheckerDao" ref="branchCreationCheckerDao"/>
	</object>

	<object id="NgtvFraudDataLoadController" singleton="false"  type="Citibank.RFLFE.PL.Mvc.Controllers.parameter.NgtvFraudDataLoadController,Citibank.RFLFE.PL.Mvc.Controllers">
		<property name="NgtvFraudDataLoadHandler" ref="ngtvFraudDataLoadHandler"/>
	</object>
	<object id="ngtvFraudDataLoadHandler" singleton="false"  type="Citibank.RFLFE.PL.Bll.parameter.NgtvFraudDataLoadHandler,Citibank.RFLFE.PL.Bll">
		<property name="NgtvFraudDataLoadDao" ref="ngtvFraudDataLoadDao"/>
	</object>

	<object id="CancelAppController" singleton="false"  type="Citibank.RFLFE.PL.Mvc.Controllers.workflow.CancelAppController,Citibank.RFLFE.PL.Mvc.Controllers">
		<property name="CancelAppHandler" ref="cancelAppHandler"/>
	</object>
	<object id="cancelAppHandler" singleton="false"  type="Citibank.RFLFE.PL.Bll.workflow.CancelAppHandler,Citibank.RFLFE.PL.Bll">
		<property name="CancelAppDao" ref="cancelAppDao"/>
	</object>

	<object id="BatchCancelController" singleton="false"  type="Citibank.RFLFE.PL.Mvc.Controllers.workflow.BatchCancelController,Citibank.RFLFE.PL.Mvc.Controllers">
		<property name="BatchCancelHandler" ref="batchCancelHandler"/>
	</object>
	<object id="batchCancelHandler" singleton="false"  type="Citibank.RFLFE.PL.Bll.workflow.BatchCancelHandler,Citibank.RFLFE.PL.Bll">
		<property name="BatchCancelDao" ref="batchCancelDao"/>
	</object>

	<object id="RetriveController" singleton="false"  type="Citibank.RFLFE.PL.Mvc.Controllers.workflow.RetriveController,Citibank.RFLFE.PL.Mvc.Controllers">
		<property name="RetriveHandler" ref="retriveHandler"/>
	</object>
	<object id="retriveHandler" singleton="false"  type="Citibank.RFLFE.PL.Bll.workflow.RetriveHandler,Citibank.RFLFE.PL.Bll">
		<property name="RetriveDao" ref="retriveDao"/>
	</object>

	<object id="ReAllocationController" singleton="false"  type="Citibank.RFLFE.PL.Mvc.Controllers.workflow.ReAllocationController,Citibank.RFLFE.PL.Mvc.Controllers">
		<property name="ReAllocationHandler" ref="reAllocationHandler"/>
	</object>
	<object id="reAllocationHandler" singleton="false"  type="Citibank.RFLFE.PL.Bll.workflow.ReAllocationHandler,Citibank.RFLFE.PL.Bll">
		<property name="ReAllocationDao" ref="reAllocationDao"/>
	</object>


	<object id="UnlockController" singleton="false"  type="Citibank.RFLFE.PL.Mvc.Controllers.workflow.UnlockController,Citibank.RFLFE.PL.Mvc.Controllers">
		<property name="UnlockHandler" ref="unlockHandler"/>
	</object>
	<object id="unlockHandler" singleton="false"  type="Citibank.RFLFE.PL.Bll.workflow.UnlockHandler,Citibank.RFLFE.PL.Bll">
		<property name="UnlockDao" ref="unlockDao"/>
	</object>

	<object id="CreditRatingCheckerController" singleton="false"  type="Citibank.RFLFE.PL.Mvc.Controllers.userLevel.CreditRatingCheckerController,Citibank.RFLFE.PL.Mvc.Controllers">
		<property name="CreditRatingCheckerHandler" ref="creditRatingCheckerHandler"/>
	</object>
	<object id="creditRatingCheckerHandler" singleton="false"  type="Citibank.RFLFE.PL.Bll.userLevel.CreditRatingCheckerHandler,Citibank.RFLFE.PL.Bll">
		<property name="CreditRatingCheckerDao" ref="creditRatingCheckerDao"/>
	</object>

	<object id="DisburseRegistController" singleton="false"  type="Citibank.RFLFE.PL.Mvc.Controllers.disbursement.DisburseRegistController,Citibank.RFLFE.PL.Mvc.Controllers">
		<property name="DisburseRegistHandler" ref="disburseRegistHandler"/>
	</object>
	<object id="disburseRegistHandler" singleton="false"  type="Citibank.RFLFE.PL.Bll.disbursement.DisburseRegistHandler,Citibank.RFLFE.PL.Bll">
		<property name="DisburseRegistDao" ref="disburseRegistDao"/>
	</object>

	<object id="DataEntryController" singleton="false"  type="Citibank.RFLFE.PL.Mvc.Controllers.disbursement.DataEntryController,Citibank.RFLFE.PL.Mvc.Controllers">
		<property name="WorkflowHandler" ref="workFlowHandler"/>
	</object>

	<object id="CriticalFieldQueryController" singleton="false"  type="Citibank.RFLFE.PL.Mvc.Controllers.query.CriticalFieldQueryController,Citibank.RFLFE.PL.Mvc.Controllers">
		<property name="CriticalFieldQueryHandler" ref="criticalFieldQueryHandler"/>
	</object>
	<object id="criticalFieldQueryHandler" singleton="false"  type="Citibank.RFLFE.PL.Bll.query.CriticalFieldQueryHandler,Citibank.RFLFE.PL.Bll">
		<property name="CriticalFieldQueryDao" ref="criticalFieldQueryDao"/>
	</object>

	<object id="DisburseBankController" singleton="false"  type="Citibank.RFLFE.PL.Mvc.Controllers.parameter.DisburseBankController,Citibank.RFLFE.PL.Mvc.Controllers">
		<property name="DisburseBankHandler" ref="disburseBankHandler"/>
	</object>
	<object id="disburseBankHandler" singleton="false"  type="Citibank.RFLFE.PL.Bll.parameter.DisburseBankHandler,Citibank.RFLFE.PL.Bll">
		<property name="DisburseBankDao" ref="disburseBankDao"/>
	</object>

  <object id="CustAndContractController" singleton="false"  type="Citibank.RFLFE.PL.Mvc.Controllers.disbursement.CustAndContractController,Citibank.RFLFE.PL.Mvc.Controllers">
    <property name="CustAndContractHandler" ref="custAndContractHandler"/>
  </object>
  <object id="custAndContractHandler" singleton="false"  type="Citibank.RFLFE.PL.Bll.disbursement.CustAndContractHandler,Citibank.RFLFE.PL.Bll">
    <property name="CustAndContractDao" ref="custAndContractDao"/>
    <property name="ApplicationDao" ref="ApplicationDao"/>
  </object>
  
	<object id="FullRevalutionController" singleton="false"  type="Citibank.RFLFE.PL.Mvc.Controllers.disbursement.FullRevalutionController,Citibank.RFLFE.PL.Mvc.Controllers">
		<property name="FullRevalutionHandler" ref="fullRevalutionHandler"/>
	</object>
	<object id="fullRevalutionHandler" singleton="false"  type="Citibank.RFLFE.PL.Bll.disbursement.FullRevalutionHandler,Citibank.RFLFE.PL.Bll">
		<property name="FullRevalutionDao" ref="fullRevalutionDao"/>
	</object>

	<object id="NoteBoardController" singleton="false"  type="Citibank.RFLFE.PL.Mvc.Controllers.NoteBoard.NoteBoardController,Citibank.RFLFE.PL.Mvc.Controllers">
		<property name="NoteBoardHandller" ref="noteBoardHandller"/>
	</object>
	<object id="noteBoardHandller" singleton="false"  type="Citibank.RFLFE.PL.Bll.NoteBoard.NoteBoardHandller,Citibank.RFLFE.PL.Bll">
		<property name="NoteBoardDao" ref="noteBoardDao"/>
	</object>

	<object id="MISReportController" singleton="false"  type="Citibank.RFLFE.PL.Mvc.Controllers.report.MISReportController,Citibank.RFLFE.PL.Mvc.Controllers">
		<property name="MISReportHandler" ref="MISReportHandler"/>
	</object>
	<object id="MISReportHandler" singleton="false"  type="Citibank.RFLFE.PL.Bll.report.MISReportHandler,Citibank.RFLFE.PL.Bll">
		<property name="MISReportDao" ref="MISReportDao"/>
	</object>

  <object id="PLAppProgressQueryController" singleton="false"  type="Citibank.RFLFE.PL.Mvc.Controllers.query.PLAppProgressQueryController,Citibank.RFLFE.PL.Mvc.Controllers">
    <property name="AppProgressQueryHandler" ref="AppProgressQueryHandler"/>
  </object>
  <object id="AppProgressQueryHandler" singleton="false"  type="Citibank.RFLFE.PL.Bll.query.AppProgressQueryHandler,Citibank.RFLFE.PL.Bll">
    <property name="AppProgressQueryDao" ref="AppProgressQueryDao"/>
  </object>

  <object id="ApplyInfoController" singleton="false"  type="Citibank.RFLFE.PL.Mvc.Controllers.application.ApplyInfoController,Citibank.RFLFE.PL.Mvc.Controllers">
    <property name="ApplyInfoHandler" ref="ApplyInfoHandler"/>
    <property name="ApplicationHandler" ref="ApplicationHandler"/>    
  </object>
  <object id="ApplyInfoHandler" singleton="false"  type="Citibank.RFLFE.PL.Bll.application.ApplyInfoHandler,Citibank.RFLFE.PL.Bll">
    <property name="ApplyInfoDao" ref="ApplyInfoDao"/>
  </object>

  <object id="PBOCController" singleton="false"  type="Citibank.RFLFE.PL.Mvc.Controllers.pboc.PBOCController,Citibank.RFLFE.PL.Mvc.Controllers">
    <property name="PBOCHandler" ref="PBOCHandler"/>
  </object>
  <object id="PBOCHandler" singleton="false"  type="Citibank.RFLFE.PL.Bll.pboc.PBOCHandler,Citibank.RFLFE.PL.Bll">
    <property name="PBOCDao" ref="PBOCDao"/>
  </object>
  
</objects>
