﻿<?xml version="1.0" encoding="utf-8" ?>
<objects xmlns="http://www.springframework.net"
         xmlns:db="http://www.springframework.net/database"
         xmlns:tx="http://www.springframework.net/tx">

	<object id="dbProvider" type="Spring.Data.Common.UserCredentialsDbProvider, Spring.Data">
		<property name="TargetDbProvider" ref="targetDbProvider"/>
	</object>

	<db:provider id="targetDbProvider" provider="System.Data.SqlClient"
		  connectionString=""/>

	<object id="adoTemplateT" type="Spring.Data.Generic.AdoTemplate, Spring.Data">
		<property name="DbProvider" ref="dbProvider"/>
		<property name="DataReaderWrapperType" value="Spring.Data.Support.NullMappingDataReader, Spring.Data"/>
	</object>

	<object id="fraudDataDao" type="Citibank.RFLFE.PL.Dal.parameter.FraudDataDao, Citibank.RFLFE.PL.Dal">
		<property name="AdoTemplate" ref="adoTemplateT"/>
	</object>
	<object id="fraudDataMakerDao" type="Citibank.RFLFE.PL.Dal.parameter.FraudDataMakerDao, Citibank.RFLFE.PL.Dal">
		<property name="AdoTemplate" ref="adoTemplateT"/>
	</object>

	<object id="branchMakerDao" type="Citibank.RFLFE.PL.Dal.parameter.BranchMakerDao, Citibank.RFLFE.PL.Dal">
		<property name="AdoTemplate" ref="adoTemplateT"/>
	</object>

	<object id="rPRulesMakerDao" type="Citibank.RFLFE.PL.Dal.parameter.RPRulesMakerDao, Citibank.RFLFE.PL.Dal">
		<property name="AdoTemplate" ref="adoTemplateT"/>
	</object>
	<object id="ruleResultDao" type="Citibank.RFLFE.PL.Dal.Rule.RuleResultDao, Citibank.RFLFE.PL.Dal">
		<property name="AdoTemplate" ref="adoTemplateT"/>
	</object>

	<object id="relatedPersonDao" type="Citibank.RFLFE.PL.Dal.parameter.RelatedPersonDao, Citibank.RFLFE.PL.Dal">
		<property name="AdoTemplate" ref="adoTemplateT"/>
	</object>
	<object id="relatedPersonMakerDao" type="Citibank.RFLFE.PL.Dal.parameter.RelatedPersonMakerDao, Citibank.RFLFE.PL.Dal">
		<property name="AdoTemplate" ref="adoTemplateT"/>
	</object>
	<object id="loginDao" type="Citibank.RFLFE.PL.Dal.LoginDao, Citibank.RFLFE.PL.Dal">
		<property name="AdoTemplate" ref="adoTemplateT"/>
	</object>
	<object id="fileTemplateDao" type="Citibank.RFLFE.PL.Dal.parameter.FileTemplateDao, Citibank.RFLFE.PL.Dal">
		<property name="AdoTemplate" ref="adoTemplateT"/>
	</object>
	<object id="sysParametersDao" type="Citibank.RFLFE.PL.Dal.common.SysParametersDao, Citibank.RFLFE.PL.Dal">
		<property name="AdoTemplate" ref="adoTemplateT"/>
	</object>
	<object id="productParameterDao" type="Citibank.RFLFE.PL.Dal.parameter.ProductParameterDao, Citibank.RFLFE.PL.Dal">
		<property name="AdoTemplate" ref="adoTemplateT"/>
	</object>
	<object id="workFlowDao" type="Citibank.RFLFE.PL.Dal.workflow.WorkFlowDao, Citibank.RFLFE.PL.Dal">
		<property name="AdoTemplate" ref="adoTemplateT"/>
	</object>
	<object id="CustomerDao" type="Citibank.RFLFE.PL.Dal.application.CustomerDao, Citibank.RFLFE.PL.Dal">
		<property name="AdoTemplate" ref="adoTemplateT"/>
	</object>
	<object id="DocListDao" type="Citibank.RFLFE.PL.Dal.application.DocListDao, Citibank.RFLFE.PL.Dal">
		<property name="AdoTemplate" ref="adoTemplateT"/>
	</object>
	<object id="ApplicationDao" type="Citibank.RFLFE.PL.Dal.application.ApplicationDao, Citibank.RFLFE.PL.Dal">
		<property name="AdoTemplate" ref="adoTemplateT"/>
	</object>
	<object id="LoanDao" type="Citibank.RFLFE.PL.Dal.application.LoanDao, Citibank.RFLFE.PL.Dal">
		<property name="AdoTemplate" ref="adoTemplateT"/>
	</object>
	<object id="bureauCheckDao" type="Citibank.RFLFE.PL.Dal.application.BureauCheckDao, Citibank.RFLFE.PL.Dal">
		<property name="AdoTemplate" ref="adoTemplateT"/>
	</object>
	<object id="appCheckerDao" type="Citibank.RFLFE.PL.Dal.application.AppCheckerDao, Citibank.RFLFE.PL.Dal">
		<property name="AdoTemplate" ref="adoTemplateT"/>
	</object>
	<object id="topuploadDao" type="Citibank.RFLFE.PL.Dal.application.TopuploadDao, Citibank.RFLFE.PL.Dal">
		<property name="AdoTemplate" ref="adoTemplateT"/>
	</object>
	<object id="topupVerificationDao" type="Citibank.RFLFE.PL.Dal.approval.TopupVerificationDao, Citibank.RFLFE.PL.Dal">
		<property name="AdoTemplate" ref="adoTemplateT"/>
	</object>
	<object id="ReportGenOrImportDao" type="Citibank.RFLFE.PL.Dal.scheduledTasks.ReportGenOrImportDao, Citibank.RFLFE.PL.Dal">
		<property name="AdoTemplate" ref="adoTemplateT"/>
	</object>
	<object id="NewProposalDao" type="Citibank.RFLFE.PL.Dal.application.NewProposalDao, Citibank.RFLFE.PL.Dal">
		<property name="AdoTemplate" ref="adoTemplateT"/>
	</object>
	<object id="preCheckDao" type="Citibank.RFLFE.PL.Dal.approval.PreCheckDao, Citibank.RFLFE.PL.Dal">
		<property name="AdoTemplate" ref="adoTemplateT"/>
	</object>
	<object id="QueryDao" type="Citibank.RFLFE.PL.Dal.query.QueryDao, Citibank.RFLFE.PL.Dal">
		<property name="AdoTemplate" ref="adoTemplateT"/>
	</object>
	<object id="PrintDao" type="Citibank.RFLFE.PL.Dal.print.PrintDao, Citibank.RFLFE.PL.Dal">
		<property name="AdoTemplate" ref="adoTemplateT"/>
	</object>

	<object id="VerDocProcessingDao" type="Citibank.RFLFE.PL.Dal.disbursement.VerDocProcessingDao, Citibank.RFLFE.PL.Dal">
		<property name="AdoTemplate" ref="adoTemplateT"/>
	</object>

	<object id="ngtvDataDao" type="Citibank.RFLFE.PL.Dal.parameter.NgtvDataDao, Citibank.RFLFE.PL.Dal">
		<property name="AdoTemplate" ref="adoTemplateT"/>
	</object>
	<object id="ngtvDataCheckerDao" type="Citibank.RFLFE.PL.Dal.parameter.NgtvDataCheckerDao, Citibank.RFLFE.PL.Dal">
		<property name="AdoTemplate" ref="adoTemplateT"/>
	</object>
	<object id="branchCreationDao" type="Citibank.RFLFE.PL.Dal.parameter.BranchCreationDao, Citibank.RFLFE.PL.Dal">
		<property name="AdoTemplate" ref="adoTemplateT"/>
	</object>

	<object id="branchCreationCheckerDao" type="Citibank.RFLFE.PL.Dal.parameter.BranchCreationCheckerDao, Citibank.RFLFE.PL.Dal">
		<property name="AdoTemplate" ref="adoTemplateT"/>
	</object>

	<object id="ngtvFraudDataLoadDao" type="Citibank.RFLFE.PL.Dal.parameter.NgtvFraudDataLoadDao, Citibank.RFLFE.PL.Dal">
		<property name="AdoTemplate" ref="adoTemplateT"/>
	</object>

	<object id="appProgressHistoryDao" type="Citibank.RFLFE.PL.Dal.query.AppProgressHistoryDao, Citibank.RFLFE.PL.Dal">
		<property name="AdoTemplate" ref="adoTemplateT"/>
	</object>

	<object id="cancelAppDao" type="Citibank.RFLFE.PL.Dal.workflow.CancelAppDao, Citibank.RFLFE.PL.Dal">
		<property name="AdoTemplate" ref="adoTemplateT"/>
	</object>

	<object id="batchCancelDao" type="Citibank.RFLFE.PL.Dal.workflow.BatchCancelDao, Citibank.RFLFE.PL.Dal">
		<property name="AdoTemplate" ref="adoTemplateT"/>
	</object>

	<object id="retriveDao" type="Citibank.RFLFE.PL.Dal.workflow.RetriveDao, Citibank.RFLFE.PL.Dal">
		<property name="AdoTemplate" ref="adoTemplateT"/>
	</object>

	<object id="reAllocationDao" type="Citibank.RFLFE.PL.Dal.workflow.ReAllocationDao, Citibank.RFLFE.PL.Dal">
		<property name="AdoTemplate" ref="adoTemplateT"/>
	</object>

	<object id="unlockDao" type="Citibank.RFLFE.PL.Dal.workflow.UnlockDao, Citibank.RFLFE.PL.Dal">
		<property name="AdoTemplate" ref="adoTemplateT"/>
	</object>

	<object id="creditRatingCheckerDao" type="Citibank.RFLFE.PL.Dal.userLevel.CreditRatingCheckerDao, Citibank.RFLFE.PL.Dal">
		<property name="AdoTemplate" ref="adoTemplateT"/>
	</object>

	<object id="disburseRegistDao" type="Citibank.RFLFE.PL.Dal.disbursement.DisburseRegistDao, Citibank.RFLFE.PL.Dal">
		<property name="AdoTemplate" ref="adoTemplateT"/>
	</object>

	<object id="criticalFieldQueryDao" type="Citibank.RFLFE.PL.Dal.query.CriticalFieldQueryDao, Citibank.RFLFE.PL.Dal">
		<property name="AdoTemplate" ref="adoTemplateT"/>
	</object>

	<object id="disburseBankDao" type="Citibank.RFLFE.PL.Dal.parameter.DisburseBankDao, Citibank.RFLFE.PL.Dal">
		<property name="AdoTemplate" ref="adoTemplateT"/>
	</object>

  <object id="custAndContractDao" type="Citibank.RFLFE.PL.Dal.disbursement.CustAndContractDao, Citibank.RFLFE.PL.Dal">
    <property name="AdoTemplate" ref="adoTemplateT"/>
  </object>
	<object id="fullRevalutionDao" type="Citibank.RFLFE.PL.Dal.disbursement.FullRevalutionDao, Citibank.RFLFE.PL.Dal">
		<property name="AdoTemplate" ref="adoTemplateT"/>
	</object>

	<object id="noteBoardDao" type="Citibank.RFLFE.PL.Dal.NoteBoard.NoteBoardDao, Citibank.RFLFE.PL.Dal">
		<property name="AdoTemplate" ref="adoTemplateT"/>
	</object>

	<object id="MISReportDao" type="Citibank.RFLFE.PL.Dal.report.MISReportDao, Citibank.RFLFE.PL.Dal">
		<property name="AdoTemplate" ref="adoTemplateT"/>
	</object>

  <object id="AmendAppDao" type="Citibank.RFLFE.PL.Dal.application.AmendAppDao, Citibank.RFLFE.PL.Dal">
    <property name="AdoTemplate" ref="adoTemplateT"/>
  </object>

  <object id="AppProgressQueryDao" type="Citibank.RFLFE.PL.Dal.query.AppProgressQueryDao, Citibank.RFLFE.PL.Dal">
    <property name="AdoTemplate" ref="adoTemplateT"/>
  </object>

  <object id="ApplyInfoDao" type="Citibank.RFLFE.PL.Dal.application.ApplyInfoDao, Citibank.RFLFE.PL.Dal">
    <property name="AdoTemplate" ref="adoTemplateT"/>
  </object>

  <object id="ExceptionApproveDao" type="Citibank.RFLFE.PL.Dal.application.ExceptionApproveDao, Citibank.RFLFE.PL.Dal">
    <property name="AdoTemplate" ref="adoTemplateT"/>
  </object>

  <object id="PBOCDao" type="Citibank.RFLFE.PL.Dal.pboc.PBOCDao, Citibank.RFLFE.PL.Dal">
    <property name="AdoTemplate" ref="adoTemplateT"/>
  </object>
	<!--事务管理器-->


	<object id="sysRolesDao" type="Citibank.RFLFE.PL.Dal.userLevel.SysRolesDao, Citibank.RFLFE.PL.Dal">
		<property name="AdoTemplate" ref="adoTemplateT"/>
	</object>
	<object id="creditRatingDao" type="Citibank.RFLFE.PL.Dal.userLevel.CreditRatingDao, Citibank.RFLFE.PL.Dal">
		<property name="AdoTemplate" ref="adoTemplateT"/>
	</object>




	<!--事务管理器-->
	<!--<object id="transactionManager"
         type="Spring.Data.Core.AdoPlatformTransactionManager, Spring.Data">
    <property name="DbProvider" ref="DbProvider"/>
  </object>-->



	<!--事务切面-->
	<!--
  <tx:attribute-driven/>-->

	<object id="transactionManager"
		  type="Spring.Data.Core.AdoPlatformTransactionManager, Spring.Data">
		<property name="DbProvider" ref="dbProvider"/>
	</object>

	<object id="proxyCreator" type="Spring.Aop.Framework.AutoProxy.ObjectNameAutoProxyCreator, Spring.Aop">
		<property name="ObjectNames">
			<list>
				<value>*Handler</value>
				<!--<value>*Controller</value>-->
				<!--<value>loanApprovalLetterHandler</value>-->
			</list>
		</property>
		<property name="InterceptorNames" >
			<list>
				<value>throwsAdvice</value>
				<value>transactionInterceptor</value>
				<value>aroundAdvisor</value>
			</list>
		</property>
	</object>

	<!-- Transaction Interceptor -->
	<object id="transactionInterceptor"
			type="Spring.Transaction.Interceptor.TransactionInterceptor, Spring.Data">
		<property name="TransactionManager" ref="transactionManager"/>
		<property name="transactionAttributes">
			<name-values>
				<add key="Save*" value="PROPAGATION_NESTED,timeout_800"/>
				<add key="Add*" value="PROPAGATION_REQUIRED,timeout_1,timeout_800"/>
				<add key="Delete*" value="PROPAGATION_REQUIRED,timeout_800"/>
				<add key="Update*" value="PROPAGATION_REQUIRED,timeout_800"/>
				<add key="Get*" value="PROPAGATION_REQUIRED,timeout_800"/>
				<!--<add key="Load*" value="PROPAGATION_REQUIRED,readOnly"/>
        <add key="Query*" value="PROPAGATION_REQUIRED,readOnly"/>
        <add key="Search*" value="PROPAGATION_REQUIRED,readOnly"/>-->
			</name-values>
		</property>
	</object>
	<!-- Throws Advice to log exception-->
	<object id="throwsAdvice"  type="Citibank.RFLFE.PL.Framework.Aspects.ThrowsAdvice, Citibank.RFLFE.PL.Framework" />

	<!--Around Advisor -->
	<object id="aroundAdvisor" type="Spring.Aop.Support.NameMatchMethodPointcutAdvisor, Spring.Aop">
		<property name="Advice" ref="aroundAdvice"/>
		<property name="MappedNames">
			<list>
				<value>*</value>
			</list>
		</property>
	</object>
	<object id="aroundAdvice" type="Citibank.RFLFE.PL.Framework.Aspects.AroundAdvice,Citibank.RFLFE.PL.Framework"/>


</objects>
